心機男被人追債，情急之下竟抱著女兒要跳樓，還好灰姑娘及時出現，一句話就讓心機男放鬆警惕，順利將他逮捕成功,6652
灰姑娘為朋友出頭強闖男生宿舍，霸道總裁看不下去出手了，公然跟灰姑娘打架，不料教官突然來襲，這下要出大事了,4731
麻辣變形計魔鬼訓練之金雞獨立，本以為灰姑娘肯定不行，不料灰姑娘卻打敗一群女漢子成功堅持到最後，霸道教官立馬刮目相看,3464
灰姑娘嫌自己胸小，竟帶著胸墊去訓練，不料霸道教官一眼就看出來了，直言：不要帶不該有的裝備！,3394
灰姑娘騎自行車如同玩雜耍，人車分離過障礙，結果裙子被吹飛起，路人都看呆了,1355
麻辣變形計魔鬼訓練之男女對抗賽，本以為男生必贏無疑，不料灰姑娘靠手環作弊，瞬間反超男生奪得勝利，這下男生心裡不平衡了,1245
灰姑娘頭一次執行任務太過自滿，竟當場被黑老大發現，結果導致任務失敗，還好總裁一路跟隨幫灰姑娘收拾爛攤子,1133
霹靂嬌娃当街暴打肌肉男，不料肌肉男竟还有帮手，一脚就将霹靂嬌娃踢出心脏病，命在旦夕,1025
灰姑娘犯錯惹怒霸道教官，結果被罰站到暈倒，這下可把總裁給心疼壞了,826
灰姑娘跟總裁比賽摩托艇，實力碾壓總裁，一個漂亮的甩尾直接將總裁逼落水，輕鬆贏得比賽，氣得總裁話都說不順了,717
誰說女子不如男！麻辣變形計變態訓練之負重跑步，灰姑娘對決霸道肌肉男，本以為輸定了，不料卻堅持到最後將霸道肌肉男淘汰了,678
灰姑娘贏得比賽，心機男不服氣竟當眾欺負灰姑娘，不料霸道總裁及時出現，一招趕跑心機男，灰姑娘頓時芳心暗許,667
人販子這樣拐騙小孩真是太可恨了，灰姑娘跟朋友飆車營救，不料一不小心導致車禍，灰姑娘被困火海，還好總裁及時出現相救,623
霸道教官逼新學員爬泥潭，不料灰姑娘根本不怕，二話不說直接爬，不料爬起來就沒完沒了直到暈倒,621
真卑鄙！心機男竟找人消耗灰姑娘的體力，一開場就以絕對實力碾壓灰姑娘，不料灰姑娘瞬間爆發，一招就將心機男打得爬不起來，反敗為勝,592
神犬狗狗挑食不吃狗糧，竟帶著一幫狗兄弟夜襲廚房，開起了吃肉派對，這下可把灰姑娘給害慘了,576
霸道教官太變態，竟用高壓水槍擊倒眾人，還好灰姑娘機智過人，聯合眾人手拉手建人墻，這下子霸道教官也沒轍了,582
老爸慘遭2個肌肉男暴打，灰姑娘氣不過為老爸出頭，1打2卻分分鐘將2個肌肉男打得跪地求饶,511
灰姑娘挑戰霸道教官的權威，竟被罰100個俯臥撐，不料灰姑娘根本不虛，一口氣直接做完,456
美國美女挑戰中國第一攀岩手，無保護徒手攀爬最高難度線路，不料用時不到1分鐘，嚇得第一攀岩手直咽口水,459
眼看就要成功了，沒想到霸道教官卻選擇強攻，還好灰姑娘早有準備，一招將霸道教官電倒在地，這下贏定了,476
富豪出3倍酬金請5個保鏢保護自己，不料保鏢一出場，富豪眼睛都看直了：這些霹靂嬌娃也太美了吧,418
荒野求生陷入危機，心機男拿出僅剩的巧克力給灰姑娘吃，灰姑娘好心分給大家，不料霸道總裁根本不領情，誰叫這是情敵的食物,413
十幾個壯漢聯手攔路搶錢，暴發戶嚇得語無倫次，不料灰姑娘1招打倒1個，嚇得對方老大下跪求饒，真是太帥了,396
訓練一天終於能洗澡休息了，不料灰姑娘嘴巴不饒人，直言隊友皮有點松，隊友氣得翻白眼,368
神秘美女跟灰姑娘拳擊比賽，本以為灰姑娘必贏，不料一開場就被壓制，直接被打到爬不起來，真是太憋屈了,369
總裁和灰姑娘成為對手，鬥智鬥勇只為搶一個箱子！不料最後總裁一招瞞天過海成功奪得箱子，灰姑娘氣得說不出話來,356
白天瘋狂訓練，晚上還不讓好好睡覺！三更半夜霸道教官放鞭炮叫人起床，氣得灰姑娘大罵霸道教官變態,354
富二代一見灰姑娘手裡的花立馬就慌了直接讓她滾，還被嚇得暈倒！害得灰姑娘被人又打又罵的，真是太可憐了,333
灰姑娘本以為自己贏定了，不料打開密碼箱的那一刻直接傻眼了，原來密碼箱早就被教官掉換了，灰姑娘氣得轉身就走,298
灰姑娘跟總裁比賽打台球，不料打了8局還難分勝負，總裁唉聲歎氣，灰姑娘笑了，一句話懟得總裁說不出話來,292
灰姑娘穿睡衣色誘霸道總裁，不料被霸道總裁反撩，嚇個半死,435
霸道教官本想伏擊灰姑娘等人，不料反掉入了她們的圈套中，還好霸道教官早有準備，一句話就嚇得灰姑娘等人都懵了,285
窮小子考試課上呼呼大睡，霸道教官怒了：一人犯錯全體受罰，直接就讓姑娘們泡海水里瑟瑟發抖,296
賭石老闆自導自演的炒作有了效果，笑得合不攏嘴，不料高興得太早了，灰姑娘保鏢找到關鍵性證據，直接將賭石老闆送進了監獄,260
灰姑娘看不起隊友，不料輪到自己上場時，連保護對象都搞錯了還沾沾自喜以為贏定了，結果得知真相時卻被霸道教官耍到懷疑人生,260
一吻定情！灰姑娘偷偷潛入霸道總裁房間，不料意外發現霸道總裁的秘密，瞬間淚流滿面，不管不顧得吻住霸道總裁，這一吻感情一發不可收拾,221
灰姑娘與朋友一起接受了神秘人的挑戰，不料這一切都在灰姑娘父親的掌握之中，原來事情的真相竟是這樣的,210
神犬狗狗當眾贏得比賽，心機女慌了，竟魔鬼式訓練自己的狗狗直至她受傷，灰姑娘受不了去理論，不料心機女卻倒打一耙,220
新婚之夜，癱瘓老公竟與新娘這樣子洞房，不料房里竟还藏着一个小叔子,307
心機男精神失常綁架僱主小孩，危急時刻灰姑娘為保護小孩慘遭刺傷，生命垂危，霸道總裁瞬間崩潰了,208
灰姑娘和霸道男保鏢送暴發戶回家，不料一不小心中了敵人的奸計，還好灰姑娘武功高強，1v2照樣輕鬆解決，嚇得對方跪地求饒,203
暖男假扮清潔工刺殺心機男，不料霸道保鏢早就識破他的計劃，設下陷阱當場活捉暖男,199
保護愛情成功！霸道暖男為了贏回女友的心，竟找灰姑娘保鏢假扮自己的女朋友，成功激發女友的嫉妒心，倆人又重新在一起了,180
神犬狗狗過生日，霸道總裁請人給他拍生日寫真集，還親自給他做生日蛋糕，舉辦生日派對，網友直呼活得不如條狗,173
灰姑娘恐高，不料霸道總裁一句放棄反激起灰姑娘的鬥志，灰姑娘戰勝自我成功自由滑翔,157
總裁終於找到了灰姑娘，不料灰姑娘一激動直接昏倒在總裁壞里，朋友知道后卻話裡有話惹總裁心疑,160
灰姑娘跟情敵公開比賽，不料直接把自己整進了醫院，霸道總裁瞬間急了，抱起灰姑娘就跑，眼裡的愛意藏都藏不住,145
心機男綁架灰姑娘威脅霸道總裁，霸道總裁為了救灰姑娘選擇開槍自殺，不料結局竟是這樣的，驚呆了！,142
心機男當眾搶灰姑娘水喝還敢挑釁教官威嚴，霸道教官忍不住了，一招就將心機男幹倒在地，真是太霸氣了！,148
灰姑娘跟朋友參加訓練營，不料霸道教官直接給她們一個下馬威，負重奔跑10公里，還不讓互相幫忙，這是想累死人啊,142
2女爭1男！富家女對霸道總裁一見鐘情，瘋狂獻殷勤，灰姑娘瞬間吃醋，倆人當眾互懟，真是太精彩了,138
霸道小孩看不起美女保鏢，不料美女保鏢一出手，霸道小孩就被嚇懵了，立馬被折服要拜師學藝,138
求婚成功！灰姑娘鬧脾氣，霸道總裁假裝聽不懂她的話，不料背地裡卻叫神犬偷偷拿出戒指，當眾浪漫求婚，最終倆人幸福得生活在了一起,131
灰姑娘跟霸道總裁好心探望心機女，不料心機女不但不領情還倒打一耙，原來原因竟是這個！真是可憐,131
閨蜜倆同時愛上霸道總裁，灰姑娘忍痛割愛給閨蜜製造機會，不料霸道總裁卻只愛灰姑娘,120
心機男被趕出訓練營，瞬間爆炸了，強拉著灰姑娘一起走，不料灰姑娘當眾決絕，心機男懷恨在心，這下要出大事了,122
總裁送了灰姑娘一枚胸針，不料心機女一見到這枚胸針就搶，還當眾辱罵灰姑娘，總裁及時出現霸氣護妻,160
灰姑娘跟霸道總裁依依惜別，本以為沒人發現，不料整個宿舍的人都在等她，還好灰姑娘早有準備，一句話蒙混過關,113
心機女為出名不顧小狗安危強逼它鉆火圈，危急時刻神犬狗狗出現英雄救美推倒火圈，不料心機女卻倒打一耙,123
霸道總裁得知自己的真實身份，失魂落魄，心機女怎麼勸都沒用，不料灰姑娘一句話就讓霸道總裁重燃信心，差距啊！,115
圓滿大結局：灰姑娘跟霸道總裁聯手設局，將所有壞蛋一網打盡，成功保護了國家機密，眾人幸福得開起了派對,106
心機女慘遭4個蒙面大漢毆打，還好灰姑娘及時出現，1打4，照樣打得這群蒙面大漢落荒而逃，真是太牛了！,110
霸道總裁分配任務真的太任性了，看誰漂亮誰排第一名，男的就排在最後一名，霸道男保鏢氣得直翻白眼,102
霸道總裁向灰姑娘求婚，不料慘遭美女學員惡整滾泥潭，西裝革履的白馬王子變得狼狽不堪，這是在報復嗎？,100
窮小子陪富婆風流一夜，瞬間得到一筆巨款：50萬，果然不虧！,139
霸道總裁遭父親當眾責罵心情鬱悶，灰姑娘偷偷安慰，為了讓霸道總裁高興竟同意跟他約會，真是甜死人了,95
灰姑娘受重傷昏迷不醒，霸道總裁病床前痛哭流涕，終於忍不住告白了，可惜一切都太晚了,81
富二代一把灰姑娘拉回房間就開始脫衣服，灰姑娘慌了想跑卻跑不了，被富二代一把拽倒在地,83
僱主的父親自殺身亡，灰姑娘保鏢為阻止僱主上網，不惜大跳性感舞蹈吸引僱主，不料差點沒把僱主逼瘋掉,81
神犬狗狗竟是偷肉賊！灰姑娘怎麼也想不到神犬狗狗偷肉竟是為了幫助被困的狗狗，還好霸道總裁相信神犬狗狗，跟著他成功解救被困狗狗,82
灰姑娘意外被毒蛇咬傷，霸道總裁急得不得了，不料神犬狗狗一個吻就治好了灰姑娘，原來原因竟是這樣！霸道總裁瞬間無語了,70
神犬狗狗跟灰姑娘女友談戀愛，飯桶狗狗吃醋了，嫉妒得連飯都吃不下，這下可把主人給急壞了,75
心機女愛上了霸道總裁，一句話就讓灰姑娘主動把霸道總裁讓給自己，這搶閨蜜男朋友的事乾得真夠理直氣壯的,68
狗生第一桶金！心上狗狗生病了，神犬狗狗瞬間感應前來救場，贏得觀眾一片喝彩，灰姑娘主人直接驚呆了,71
灰姑娘跟朋友去酒吧玩，不料慘遭別人下藥，還好灰姑娘及時發現，一拳將對方打趴下，真是太帥了！,65
心機男為了錢綁架灰姑娘，總裁急得不行，不料心機女卻當眾將灰姑娘推下海生死未卜，總裁直接被嚇得得當場暈倒,69
總裁帶灰姑娘驚艷亮相心機女的派對，把心機女的風頭全搶光了，心機女氣得咬牙切齒,77
灰姑娘生病，總裁來看，不料身份曝光竟是個富二代，心機女頓時心裡有想法了，攛掇心機男追求灰姑娘,64
總裁和心機女大婚，灰姑娘一個人獨自流淚，不料總裁突然發瘋離開，心機女氣得要死卻只能強撐著一個人完成婚禮,72
灰姑娘偷偷去看心機女，不料意外發現心機女跟霸道總裁正在做這種事情，瞬間懵了,61
灰姑娘跟霸道總裁終於在一起了！不料心機男心生妒忌，竟當眾警告霸道總裁，還好灰姑娘及時出現，霸道護夫,62
心機女喝醉酒對霸道總裁糾纏不休，霸道總裁心軟了送心機女回房間，不料意外得知驚天大秘密，瞬間懵了,65
灰姑娘跟心機男大秀恩愛，霸道總裁吃醋了！聽到灰姑娘口口聲聲說心機男好，霸道總裁氣得直接吻了灰姑娘，這一吻感情就一發不可收拾,64
霸道教官逼新學員交手機，頓時唉聲連連，心機男當眾挑釁教官，不料灰姑娘卻淡定的不得了，二話不說直接交,59
神犬狗狗參加比賽，不料女友狗狗卻聯合心機女用苦肉計欺騙自己，結果導致神犬狗狗比賽中途退場，這下心機女得意了,59
公司叛徒终于暴露，灰姑娘保镖与帅哥假扮夫妻深入敌营搜集证据，这简直就是中国版史密斯夫妇啊,53
終極考核開始，霸道教官竟在水裡設下陷阱，還好心機男及時提醒灰姑娘，這才讓灰姑娘逃過一劫,55
灰姑娘與夥伴參加野外求生訓練，不料倆肌肉男卻盯上了灰姑娘，本以為灰姑娘死定了，還好有人及時出現救了灰姑娘一命,52
看一次哭一次！神犬狗狗只認灰姑娘這一個主人，不料灰姑娘主人卻將它拋棄了，神犬狗狗傷心得不吃不喝，絕食抗議！,51
東窗事發，心機男惱羞成怒綁架灰姑娘，霸道总裁束手无策，不料危急時刻神犬飛身擋槍救下灰姑娘,52
心機男綁架霸道總裁威脅灰姑娘，灰姑娘為了救霸道總裁只能跟心機男離開，臨別這一眼真是太心酸了,50
心機娘娘設局害得灰姑娘難產命在旦夕，霸道皇上束手無策，不料手下的奶娘竟是個高手，一出手就順利解決，厲害了！,63
灰姑娘拋棄了霸道總裁，不料灰姑娘被蜘蛛咬傷中毒，關鍵時刻還是霸道總裁及時出現救了灰姑娘一命,44
總裁和灰姑娘在家抱成一團，不料心機女突然出現大吵大鬧，總裁霸氣護妻，直接當場將灰姑娘拖走,48
後媽受總裁囑託去灰姑娘家拿東西，不料意外得知自己一直欺負的灰姑娘竟是自己的親生女兒，瞬間崩潰了,54
心機女不辭而別，灰姑娘急了，直接殺到心機女家，不料意外得知驚天大秘密，瞬間崩潰,46
富二代誤會灰姑娘接近自己的用心口出惡言，不料灰姑娘就說了一個名字，總裁立馬就崩潰了，犯病倒在了地上,44
5分鐘緊急集合，灰姑娘穿著背心就下樓，霸道教官眼睛都看直了，旁邊的美女吃醋了，直言：她很好看嗎,46
心機女終於變好了，說出實情的真相，灰姑娘不計前嫌原諒心機女，倆人病床前痛哭相擁，友誼又重新開始,44
螳螂捕蟬黃雀在後！心機男半夜偷偷摸摸去灰姑娘帳篷偷東西，不料東西都沒焐熱呢，就被逗逼夫婦用一朵花給幹倒了，這下虧大了,44
肌肉男以為灰姑娘這種柔弱的女人好欺負，不料灰姑娘卻不是省油的燈，一招就將肌肉男打倒在地，真是厲害,41
心機女惡意中傷神犬狗狗，法鬥犬看不下去了，狠狠教訓心機女，不料心機女懷恨在心，卻拿灰姑娘出氣，一場大戰開始了,40
家暴真是太可怕了！富婆長期被老公家暴成習慣，灰姑娘看不下去要替她報仇，不料富婆反而不樂意了，拼命為老公家暴找藉口,38
昔日的戀人如今成了親兄妹！灰姑娘與霸道總裁斷絕關係，霸道總裁接受不了瞬間崩潰，痛苦得揚天長嘯，真是太悲哀了,40
霸道教官看不起新兵要1挑4，新兵以為自己贏定了，不料教官1拳打倒1個，25秒就解決完所有人，新兵直接被嚇傻了,38
心機男狗急跳墻竟對灰姑娘又打又罵，還趁機挑撥灰姑娘跟總裁的關係，不料灰姑娘因禍得福意外恢復記憶,39
灰姑娘一醒來發現自己睡在霸道總裁床上，衣服還被換了，頓時又羞又惱，不料霸道總裁讓她換衣服走人，灰姑娘卻後悔了,38
心機女心懷不軌將總裁跟心機女困在電梯，不料灰姑娘不明真相，一句話怼得總裁心髒病突發，這下釀成大禍了,36
灰姑娘拜託心機女訓練神犬狗狗，不料心機女卻懷恨在心，背著灰姑娘偷偷虐待神犬狗狗，還好神犬狗狗機智躲過一劫,35
灰姑娘喝醉酒躺路邊不省人事，本以為會出大事，不料神犬狗狗如此機智，跑去找霸道總裁幫忙將灰姑娘扛回家,37
為了保護灰姑娘，心機男對幕後Boss撒謊，不料Boss一眼看穿心機男的詭計，當場將他打個半死,36
女友敏捷表演再拿冠軍，本以為神犬狗狗會很開心，不料他卻自尊心作祟，半夜強拉灰姑娘出去訓練,36
灰姑娘中陷阱生命垂危，關鍵時刻神犬狗狗拼命奔跑撲倒灰姑娘，順利救下灰姑娘，看完直接感動哭了,36
神犬狗狗成了熱門，倆位霸道總裁搶著要神犬狗狗，灰姑娘左右為難，最後只能犧牲自己，結果累得動都不行動了,36
女友狗狗有了新歡，神犬狗狗瞬間吃醋，一氣之下竟偷走情敵的演出服并成功嫁禍給霸道總裁，這下霸道總裁真是跳進黃河也洗不清了,36
灰姑娘跟霸道總裁甜蜜約會，卻不知道有危險正在向自己靠近，還好神犬狗狗夠機靈，一吼就把心機男給嚇得不敢動手了,32
人狗辯論賽開始了！霸道小孩以爲灰姑娘虐待神犬狗狗，不料神犬狗狗對著灰姑娘就喊媽媽，這一聲媽媽瞬間驚呆一群人,33
灰姑娘誤會霸道總裁的用意，竟直接離開訓練營去酒吧快活，閨蜜急了去找霸道總裁自首，不料意外得知真相竟是這樣的！懵了,33
灰姑娘死心塌地得愛著霸道少爺，不料霸道少爺卻愛著自己的嫂子，得知真相的灰姑娘終於爆發了,32
灰姑娘聯合朋友自導自演綁架戲，本以為霸道總裁會英雄救美，不料他一眼就看穿這是在演戲，扭頭就走,30
心機女不滿灰姑娘出盡風頭，竟當眾向灰姑娘潑水還將她絆倒在地，總裁看不下去了，直接當場抱走灰姑娘,35
保鏢三劍客自吹自擂，自稱1個頂8個，不料心機男一個調虎離山的計策就耍得他們團團轉，結果導致任務失敗，都快沒臉見人了,33
總裁父親一出現，總裁秘書慌了，不料灰姑娘不但不走還積極地為總裁父親服務，一句話就說得對方欣賞不已,39
窮小子為還清100萬欠款被迫賣飯店，不料就吃了一頓飯的的老頭直接出資50萬，瞬間扭轉了局勢,33
窮小子終於明白自己愛上富婆了，卻意外得知富婆竟早已結過婚生過孩子，頓時心里不是滋味,40
灰姑娘聯合黑客攻入總裁公司的系統，不料這一切都在總裁的掌握之中，灰姑娘不知情還沾沾自喜,33
為了一個叛徒，霸道總裁竟下跪求饒，心機男瞬間崩潰了，這還是自己認識的霸道總裁嗎？,30
新兵考試睡覺被抓，教官氣得直接集體受罰泡海水，灰姑娘受不了了，一句話激得高富帥直接下跪發誓,28
窮小子參加廚王爭霸大賽，費盡心思得到了冠軍，不料還沒開心一秒就被取消資格，原來竟是這個東西惹的禍,31
一吻定情！霸道總裁隱忍情深，為了保護灰姑娘選擇放棄，不料灰姑娘霸氣表白，直接強吻霸道總裁表決心,34
灰姑娘和霸道總裁聯手找到霸道教官設下的陷阱，本以為贏定了，不料霸道教官突然變臉，破口大罵，灰姑娘瞬間就懵了,28
灰姑娘以為霸道總裁被自己一槍打死，嚇得嚎啕大哭，不料霸道總裁只是睡著了而已，一醒來立馬就趕灰姑娘走，灰姑娘崩潰了,29
為了讓神犬狗狗跟他的灰姑娘女友順利約會，霸道小孩設局騙走心機女，不料慘遭鸚鵡告狀，這下約會泡湯了,30
全家人都等著霸道少爺吃飯，不料霸道少爺卻帶著灰姑娘在快活，心機母親瞬間火冒三丈，對著灰姑娘一頓羞辱,28
灰姑娘心灰意冷離開訓練營，不料意外得知之前一直欺負自己的霸道總裁竟是自己的親生父親，瞬間崩潰了,27
霸道小孩帶著神犬狗狗離家出走，不料迷路睡大街，還好神犬狗狗夠聰明，千里找到灰姑娘主人來救霸道小孩,28
總裁整夜守著生病的灰姑娘，心機女看不下去了，低聲下氣地求總裁回到自己身邊，不料總裁竟這樣說，真是太寒心了,30
結婚當天新郎卻不見蹤影，灰姑娘都絕望了，沒想到最後一秒新郎卻奇跡般的出現，果然愛情沒有什麼可以阻擋,28
爱在这一刻重燃！霸道少爺家破人亡對生活失去了希望，灰姑娘心疼壞了，帶著霸道少爺重溫舊夢,27
原來父親並沒有拋棄自己，20年後灰姑娘才得知事實的真相，灰姑娘瞬間崩潰了,28
心機鸚鵡嘲笑神犬狗狗，神犬狗狗生氣了，開水龍頭用水淋心機鸚鵡，不料心機女看到了，不分青紅皂白懲罰神犬狗狗,25
灰姑娘找霸道教官借手機，霸道教官一聽直接心軟了，竟用美男計幫灰姑娘拖延時間，真是太貼心了,27
保護愛情失敗！灰姑娘瞧不起別人的愛情竟肆意破壞，霸道總裁好言相勸，不料灰姑娘不但不領情還倒打一耙，真是氣死人,24
心機男本以為自己能成功當上董事長，不料卻被總裁反將了一軍，當眾被揭穿陰謀，心機男氣得咬牙切齒,31
霸道教官看了灰姑娘的試卷后，整個人都不好了，氣得要給她好好上一課，真是太逗了,26
霸道教官逼灰姑娘瘋狂滾泥潭，灰姑娘本想求饒，不料霸道教官一句：不行就滾，嚇得灰姑娘站都不敢站了,24
霸道總裁隔著電話深情告白，灰姑娘瞬間感動到落淚，直接衝到霸道總裁面前一把抱住，這一抱抱得霸道總裁眼淚直流,24
霸道總裁與暖男聯手救神犬，一招調虎離山計順利引開心機男，不料心機男實力太強瞬間秒殺一幫人，活捉霸道總裁，這下完蛋了！,25
變態猥瑣男跟蹤監視美女大明星，霸道總裁忍無可忍上門警告變態猥瑣男，一句話嚇得對方瑟瑟發抖，真是太厲害了,22
霸道總裁遭人威脅刺殺，霹雳嬌娃忍無可忍設下陷阱引凶手上鈎，不料意外得知事情真相，霹雳嬌娃瞬間懵了,24
歡樂大結局：闔家大團圓，眾人其樂融融，傻子少爺卻慘遭前任、現任逼婚，嚇得慌不擇路竟選擇跳河求生,29
本以為灰姑娘一輩子都不會原諒拋棄自己的父親，不料重病醒來突然大徹大悟，主動牽起了父親的手,21
生死時速！灰姑娘一人大戰肌肉男吸引歹徒注意，神犬趁機咬斷繩子，救走霸道總裁,22
多年不曾懷孕的兒媳婦突然有了身孕，奶奶一下子就慌了，這恐怕是個野種啊！,29
心機男設局引神犬狗狗上鉤，竟想趁機殺死神犬狗狗，還好霸道總裁突然出現就了神犬狗狗一命,21
女戰神VS肌肉男，本以為女戰神這麼瘦弱肯定不行，不料一招就將肌肉男打趴在地，嚇得對方立馬認輸求饒，真牛,20
窮小子終於下定決心跟富家女訂婚，不料一聽到灰姑娘出事了，就立馬改變心意拋下富家女跑了,22
灰姑娘好心給窮小子買衣服，不料窮小子不但不接受反把衣服送給了心機男，灰姑娘瞬間崩潰了，沖著窮小子又吼又叫,24
霸道總裁性格孤僻，總裁媽媽為此聯合灰姑娘惡整霸道總裁，竟讓霸道總裁當眾給灰姑娘唱情歌，霸道總裁聽了直歎氣,22
灰姑娘找霸道總裁借錢，不料霸道總裁不講理，竟強吻灰姑娘抵債，這下子可把灰姑娘給惹急了，直接一巴掌打懵霸道總裁,23
新婚之夜，灰姑娘被心機男壓在身下，沒想到心里想的卻是窮小子，一邊享受一邊流淚,27
霸道總裁邀請灰姑娘唱歌，不料灰姑娘卻轉頭對心機男大獻殷勤，霸道總裁吃醋了，卻無可奈何，只能轉身離開,19
老丈人看不起傻子女婿，不料傻子女婿一出手，老丈人瞬間看傻了眼，求著傻子女婿當自己的徒弟,25
就因為霸道哥哥的一巴掌，漂亮妹妹死了！心機男瞬間發了瘋，對著霸道哥哥瘋狂捶打,20
窮太太一見到灰姑娘的腳就就嚇得說不出話來，沒想到她竟是自己死去多年的親生女兒！,21
80萬的飯店20萬就買到了！窮小子為還債只能賣飯店，不料 心機男落井下石，竟用如此手段打擊窮小子，真無恥,23
灰姑娘華麗變身霸氣回歸，一出場總裁就驚呆了，不料灰姑娘卻直言不認識，怒罵總裁是神經病,18
總裁父親一出現，後媽就緊張得不得了，不料灰姑娘根本不虛，一句話說得總裁父親欣賞不已,21
愛情還是親情？父母棒打鴛鴦，窮小子陷入兩難境地，沒想到最終竟是女朋友先做了決定,23
灰姑娘跟霸道總裁相約私奔，不料卻被困在家中出不來，關鍵時刻還是霸道少爺有辦法，一招就搞定所有人,19
親哥哥不在家，弟弟半夜爬上了嫂子的床,28
霸道小孩不見了，灰姑娘跟總裁急得團團轉，不料神犬狗狗一下子就找到了，舍狗命救人命，真是最佳忠犬！,21
霸道總裁故意打呼噜逗灰姑娘玩，逼得灰姑娘睡不著去找神犬狗狗，不料卻被人當成偷狗賊，這下跳進黃河也洗不清了,18
癱瘓老公臥病在床，不料灰姑娘一招妙手回春，癱瘓老公瞬間就能跑能跳了,22
心機女入侵訓練營系統被發現，不料灰姑娘卻背下了這個黑鍋，霸道總裁怒了，當場撂下狠話恐嚇灰姑娘,18
神秘藥丸無人能知秘方，不料傻子一碗水就給破解了，嚇得頂級藥材商路都不會走了,21
灰姑娘為了治好總裁的心病竟一次又一次的揭他的傷疤，沒想到真的觸動了總裁，讓他跟仇人見面解開了心結,19
灰姑娘自以為實力高強，竟公然挑戰總裁的威嚴，不料總裁就笑笑不回答，直接分派任務給灰姑娘，想讓她嘗嘗苦頭,18
心機女狠心拋棄狗狗，不料狗狗卻只認她一個主人，危險時刻捨命救心機女，心機女瞬間悔改,21
霸道總裁跟灰姑娘甜蜜戲水，明明喜歡卻非得說話帶刺，還好灰姑娘臉皮夠厚，主動爭取約會機會,18
這年頭當小三的都這麼厲害！原配懷孕了，本想找小三攤牌，不料卻被下三堵得說完一句話就落荒而逃,19
灰姑娘跟霸道總裁海邊浪漫燒烤，甜蜜互喂！心機男瞬間憤怒了，氣得直接搶狗糧吃,17
悲傷大結局：霸道總裁與灰姑娘吻別！霸道總裁被人追殺，走投無路竟直接跳江自殺，灰姑娘看到當場嚇暈,17
霸道教官深夜出擊，偷偷盜走灰姑娘等人的食物，引起他們的內訌，不料灰姑娘卻一眼看穿霸道教官的奸計，一句話點醒眾人,16
心機女妒忌總裁對灰姑娘這麼好，竟衝著灰姑娘大吵大鬧，不料灰姑娘霸氣反擊，懟得心機女無話可說,16
完美大結局：多年後霸道總裁與灰姑娘重逢，霸道總裁當場抱住灰姑娘，這一抱成為永恆，愛情又重新開始了,22
行走江湖多年的老中醫都分析不出一顆藥丸的成分，不料路上撞到的傻子卻一吃就知道了，嚇得老中醫立馬觍著臉叫師傅,22
霸道總裁以權謀私安排自己和灰姑娘一起訓練，原來是想趁機佔便宜，不料神犬狗狗一眼看穿他的目的，衝著霸道總裁大喊大叫,16
馬戲團小夥撮合神犬小七和他的灰姑娘女友瑪麗，不料慘遭鸚鵡嘲笑：做夢！氣得神犬小七狂吼鸚鵡，霸氣捍衛自己的尊嚴,19
5個大人都干不過2個心機男，不料7岁小孩一出手，就嚇得2個心機男慌忙逃竄，順利救下5個大人和一群狗狗,16
霸道總裁溺水命在旦夕，神犬狗狗大展神威順利救下霸道總裁，霸道總裁激動得直接認神犬狗狗為哥，真是太逗了,18
霸道富少爺為搏美人一笑豪擲千金！酒吧老闆嫌灰姑娘窮不給碰杯子，霸道富少爺忍不住了，直接花重金買下隨便灰姑娘砸,17
為了尋寶，心機男設下陷阱成功抓到神犬狗狗，灰姑娘急得要命卻毫無辦法，不料還好神犬狗狗夠聰明，自救成功,18
霸道少爺想老婆想得發瘋，白天就迫不急的抱住老婆往床上跑，不料結果意外了,18
灰姑娘整天精神恍惚，總裁擔心的不得了，不料灰姑娘一點也不領情還氣得大罵總裁，差點釀成大禍,16
心機女變好了，一看到後媽回來了就想重新撮合親爸和後媽，不料灰姑娘卻不情願，心機女直接懵了,22
總裁終於知道灰姑娘被關進了精神病院，聯合朋友假扮醫生將灰姑娘順利救出醫院，一招瞞天過海讓心機女都無從下手,17
灰姑娘跟霸道總裁鬧彆扭，不料神犬狗狗這個叛徒看見霸道總裁就興奮，撇下灰姑娘跟霸道總裁出海，灰姑娘怎麼叫都沒用,17
灰姑娘一穿上裙子，瞬間驚艷四座，霸道上司嚇得直接結巴了,15
霸道小孩聯合總裁給灰姑娘下套，帶灰姑娘進後山，不料神犬狗狗靠著灰姑娘的味道就找到了她，折服了一群人,15
神犬小七窮追不捨終於找到自己失散多年的救命恩人灰姑娘，不料灰姑娘在海中突然遇險，神犬小七想也不想就往海裡沖，英勇救主,16
灰姑娘為了幫自己做菜，竟不遠萬里去了海拔5000米的雪山取水，窮小子嘴上不說，心里卻感動得要命,17
心機男一朝小人得勢就開始欺負灰姑娘，竟當眾家暴灰姑娘，灰姑娘終於知道錯了，決定洗心革面重新做人,14
灰姑娘爲刺激霸道總裁竟故意跟窮小子狂秀恩愛，不料喝醉酒卻強吻霸道總裁，這下露餡了,24
霸道董事長派人調查孫女被陷害真相，不料一打開文件袋，立馬驚呆了,17
美女仗著有錢看不起灰姑娘，不料一聽說灰姑娘的身份，態度瞬間180°大轉彎，對著灰姑娘拼命撒嬌博關注,16
心機前夫打感情牌求復合，不料灰姑娘保鏢還就吃這一套，立馬心軟帶他去見女兒，這是忘記以前被家暴的日子了？,14
昔日同住屋簷下的夫妻，再次重逢卻成僱主與保鏢的關係，不料僱主前夫得寸進尺要求一起睡，灰姑娘保鏢敢怒不敢言,20
明明是心機女出賣了公司利益，沒想到父親和霸道董事長卻選擇偏單心機女，灰姑娘真是心里有苦說不出啊,18
嫉妒引起的神犬大戰！神犬狗狗犯錯誤被關禁閉，不料卻開心得合不攏嘴，原來真相竟是這個，情敵氣得拿起水槍就淋神犬狗狗！,16
一聽灰姑娘不會和自己在一起，總裁立馬激動得要發瘋，不顧灰姑娘的意願強行抱住她，不料這一切全被灰姑娘未婚夫撞見了，這下誤會大了,19
暖男下班回家，卻發現老婆跟其他男人在一起做這種事情，嘴上不說心里卻不是滋味,16
灰姑娘貼心給老公送早餐，不料卻意外聽到老公這樣說自己，瞬間絕望，留下了痛苦的眼淚,18
一吻定情！灰姑娘與霸道總裁終於誤會解除，兩人重歸於好，海邊浪漫擁吻,14
霸道父親不願意給自己投資，心機女臨機一動，竟用著這種假惺惺的方式打動了霸道父親的心,15
剛訓練完，新兵們餓得能吃下1頭牛，不料霸道教官卻讓6個人吃1個饅頭和1碗沒有米的米湯，睜著眼睛說瞎話，直言這是世界上最好吃的！,14
雨中定情！傻子少爺終於征服霸道小嬌妻，翻身做男人，霸道小嬌妻感動得眼淚直流，一把抱住傻子少爺，從此再也不分離,17
心機女當眾挑釁灰姑娘，不料灰姑娘霸氣反擊，一句話懟得心機女說不出話來，真是太解氣了,14
霸道總裁請神犬狗狗吃飯，灰姑娘死氣白咧來要飯吃，趁機對自己大獻殷勤，霸道總裁氣得直翻白眼,13
悲劇！灰姑娘鬧脾氣離家出走，不料半路慘遭色狼尾隨，直接被拖進隧道瘋狂蹂躪,18
心機女假公濟私欺負灰姑娘，當眾將她絆倒，關鍵時刻總裁及時出現，霸氣維護灰姑娘,17
窮小子都有女朋友了，灰姑娘還對他念念不忘，心機男頓時吃醋了，一怒之下竟干出這種事情，可怕！,14
心機男一招調虎離山之計順利引開灰姑娘，成功拿到科學家的研究成果，不過還好灰姑娘早有準備，一招就讓心機男空歡喜一場,15
霸道總裁帶著神犬狗狗偷偷做這種事情，不料灰姑娘卻突然出現，緊急時刻霸道總裁犧牲色相保住秘密，成功帶走灰姑娘,13
心機男怎麼也想不到自己一直報復的窮小子竟是自己的親外孫，嚇得腿都軟了，終於後悔求窮小子原諒,14
霸道教官讓新兵考試，不料灰姑娘不思進取竟拿巧克力跟高富帥兌換答案，心機女氣得不行直接出言嘲諷灰姑娘,13
灰姑娘失業流落街頭，霸道廚師心疼了，二話不說直接利用職權把灰姑娘安排在自己身邊,13
灰姑娘跟神犬狗狗被迫分離！灰姑娘整天以淚洗面，吃不下飯，不料神犬狗狗也是如此，每天不吃不喝，霸道總裁看不下去了,14
灰姑娘追神犬狗狗突然跌倒，還好霸道總裁及時出現相救，灰姑娘因禍得福，霸道總裁的公主讓灰姑娘心裡樂開了花,12
總裁終於知道自己對灰姑娘動心了，趁著酒勁竟強行親吻灰姑娘，灰姑娘慌了：你怎麼能借酒行兇呢？,12
總裁一夜未歸卻撒謊是在工作，不料灰姑娘一聞他身上的味道就知道總裁說謊了，當面拆穿他的謊言,14
灰姑娘急著回家見心上人，不料卻看到心上人和富家女正在做這種事情，徹底絕望了,12
新婚之夜，丈夫突然離家出走，心機女瞬間覺得不對經了，鞋也不換衣服也不穿就衝出了門,14
初戀情人竟成了弟弟的老婆！霸道小子瞬間崩潰，再也控制自己的感情直接逃走去跳了海,14
暖男半夜喝醉酒看見老婆就抱，沒想到被當成色狼狠狠得一頓揍，懵了,13
心機女看到總裁老公和灰姑娘睡在一起，瞬間崩潰了，吵著要離婚，不料總裁老公不但不承認還出言威脅，真是個人渣,12
窮小子當眾強勢告白，灰姑娘感動得熱淚盈眶，不料卻發現自己白高興一場，窮小子竟然精神失常，崩潰,12
淚崩！灰姑娘狠心將神犬狗狗送給霸道總裁，不料神犬狗狗卻一直徘徊在灰姑娘門口不肯走，1人1狗隔著門嚎啕大哭，看得我心都碎了,14
窮小子明明愛著富家女卻要娶灰姑娘，不料一聽到富家女向自己告白，再也忍不住一把抱了上去,14
心機女好心送禮物給窮小子，不料卻被窮小子這樣對待，頓時心里拔涼拔涼的,11
心機女對著灰姑娘冷嘲熱諷，總裁姐姐看不下去了，霸氣警告心機女，不料心機女冷笑連連，撂下狠話就走,13
親生女兒被窮小子害得得抑鬱症，心機男怒了，拼命陷害窮小子為女兒報仇，不料女兒根本不領情，真是氣死人,11
辣女虐壯男！灰姑娘暴打2肌肉男的視頻一經上傳立馬火爆全國，一夜之間觀看量超100萬，這下灰姑娘徹底火了,13
灰姑娘愛上霸道小子，為展示自己的魅力拼命換衣服，不料反嚇得霸道小子直接逃走了,13
霸道小子明明愛著灰姑娘卻不肯承認，一聽到灰姑娘做噩夢瞬間急了，抱住灰姑娘就哭,12
親孫子終於回家了，不料一回來就說了這種話，霸道爺爺瞬間懵了,13
窮婆婆與富兒媳為爭寵，早起分別給暖男做早餐，暖男左右為難，只能一人吃下2份早餐吃到拉肚子,12
離家出走的兒子突然回來，沒想到竟是幫仇人做這種事情，母親瞬間崩潰大叫：你不是我兒子,12
富家女慘遭客人當眾羞辱，關鍵時刻沒想到窮小子竟這樣做，真是傷透了富家女的心,11
心愛的男人得了絕症命不久矣，灰姑娘瞬間崩潰了，邊跑邊哭成了個淚人,12
心機女給灰姑娘下藥的事情被總裁發現了，總裁氣得大罵，竟揚言要送心機女去精神病院，嚇得她瑟瑟發抖,11
一得知自己生重病無藥可救，心機女瞬間崩潰了，不料肌肉男不長眼竟趁機輕薄心機女，還好心機女夠機靈一招將肌肉男打得落荒而逃,11
灰姑娘跟霸道總裁相約去潛水尋寶，總裁嘴上嫌棄得不行，不料灰姑娘一開口，總裁立馬就心軟妥協了,11
霸道總裁帶灰姑娘回家，一進房間灰姑娘就驚呆了！霸道總裁趁機拿婚紗向灰姑娘求婚，不料灰姑娘一口拒絕,13
霸道少爺明明愛著的是漂亮姐姐卻不敢承認，為了安漂亮姐姐的心，竟昧著良心跟灰姑娘交往了,13
母親為了接兒子回家吹了一早上冷風，不料兒子根本不領情，直接跟著兄弟走了，原來不是不孝竟是另有隱情,13
心機女當眾為難灰姑娘跟神犬狗狗，霸道總裁心疼了，立馬帶著灰姑娘跟神犬狗狗去做spa，真是太貼心了,11
心機男明知道灰姑娘不愛自己愛的是窮小子，卻心甘情願當灰姑娘的備胎，真傻！,12
後媽離家出走，總裁父親情急之下竟把灰姑娘給撞暈了，不料灰姑娘因禍得福，病全好了,12
心機女一見到灰姑娘就激動得不得了，不料灰姑娘一點就炸，總裁為了灰姑娘當眾將心機女推倒,10
灰姑娘愛上了霸道小子卻害怕不敢告白，不料一看到霸道小子看美女，急得竟做出這種事情,12
灰姑娘一個電話總裁直接翹班去找她，不料一見面灰姑娘說得竟是這種事，總裁立馬吃醋變臉了,12
窮小子一走，心機男就立馬衝進了窮小子家對他女朋友做這種事情，可怕,16
看到老公出軌證據的這一刻，富婆終於對他死心了，下定決心聯合灰姑娘惡整渣男老公，看著渣男憋屈的樣子真是太解氣了,10
神犬狗狗患上了分離焦慮症，灰姑娘去向霸道總裁請教，不料霸道總裁一句話懟得灰姑娘無話可說，說的真是太對了,10
總裁後媽竟是灰姑娘的親媽！總裁後媽後悔了開始對灰姑娘大獻殷勤，不料灰姑娘根本不領情，每句話都惡狠狠地扎對方的心,10
3個心機男潛伏進灰姑娘的隊伍中，為了一個手機鬥智鬥勇，不料其中1個心機男一招就成功偷到手機并嫁禍給對手，真是厲害,10
為愛獻身！窮小子為了哄富家女開心，將自己的心賣給了心機男換回機密文件，結果反被富家女誤會，真可憐,10
絕望！灰姑娘好心給老公送飯，不料卻意外撞見老公跟舊情人在辦公室偷偷幹這種事情，瞬間淚流滿面,11
這狗真是神了！自動認主泳衣美女，灰姑娘瞬間被萌化，帶著神犬走天涯，神犬一下子就笑咧了嘴,10
霸道小孩誤會灰姑娘虐待神犬小七，一氣之下竟當眾教訓灰姑娘，不料闖下大禍，搞得宴會混亂不堪，害得灰姑娘工作不保,9
心機男為了幫女兒得到窮小子，竟拿富家女威脅窮小子，窮小子毫無辦法只能出賣了自己的真心,10
心機男天天幻想灰姑娘投入自己的懷抱，不料現實卻給了自己一耳光，灰姑娘竟要離開酒店離開自己,12
窮小子開了飯店紅紅火火，心機男嫉妒了，竟威逼利誘窮小子弟弟去對付窮小子,11
總裁後媽突然對灰姑娘大獻殷勤，灰姑娘一下子就覺得不對經了，立馬出言反擊一句話說得總裁後媽都崩潰了,10
灰姑娘調侃霸道總裁睡覺打呼嚕，不料真正打呼嚕的竟是神犬小七，灰姑娘瞬間無語，只能灰溜溜得帶著狗狗離開總裁家,9
窮婆婆賣茶葉被抓，富兒媳嫌她丟人卻不敢明說只能對著老公撒氣，卻不知道老公重病纏身無力回答,10
心機男綁架小孩威脅霸道總裁，危急時刻一條狗順利嘲諷住心機男救了小孩一命，心機男氣得要殺狗,10
灰姑娘當眾對霸道總裁獻殷勤，不料霸道總裁卻一臉嫌棄，連親都不敢親，關鍵時刻灰姑娘果斷出手，說吻就吻了,9
女兒長這麼連廚房的門朝哪開都不知道，不料窮小子一受傷，灰姑娘就拼命學做飯，霸道父親瞬間怒了,11
灰姑娘終於被總裁的善良所感動，決定和總裁一起聯手對抗心機男，打了心機男一個措手不及，不料心機男懷恨在心，這下要出大事了,11
灰姑娘偷拍霸道總裁洗澡視頻遭曝光，霸道總裁上門算賬，不料灰姑娘不知羞竟直言：我會對你負責的！,9
富家女為了盡快見到窮小子，竟連命都不要了，窮小子終於心疼了，抱著富家女不就不鬆手,9
神犬狗狗給女朋友叼了一大堆骨頭，不料心機狗卻請神犬女友吃上等狗糧，神犬被綠，氣得當場和心機狗幹架,9
心機女為了賺錢，竟設局騙走灰姑娘的神犬狗狗，不料灰姑娘一眼就發現不對勁了，當場拆穿心機女的陰謀,9
《愛，來的剛好》大結局：心機女終於知道悔改，哭著求灰姑娘原諒，誰知灰姑娘早就不怪她了，還鼓勵總裁去見心機女，真是太善良了！,11
灰姑娘與心機男決裂！心機男做的壞事被曝光了，灰姑娘氣得對心機男拳打腳踢，不料心機男仍死不悔改，這下徹底完了,9
霸道小子愛上了自己的弟妹，想見卻不敢見，只能打著請灰姑娘吃飯的藉口約弟妹,10
神犬狗狗遭綁架，灰姑娘急得方寸大亂，不料一個電話就讓灰姑娘臉色大變，霸道總裁瞬間覺得不對經了,10
失憶的灰姑娘當眾親吻姐夫，心機姐姐忍不住了直接將事實揭穿，不料總裁卻一直護著灰姑娘，心機姐姐氣到想殺人,10
懷孕了的灰姑娘肚痛難忍，多次打電話給心上人求救，不料竟遭到這樣對待，孩子直接沒保住,10
霸道猥瑣男因愛生恨，竟設局陷害美女大明星，霸道保鏢坐不住了，一句話說得霸道猥瑣男無地自容,9
倆壞蛋不聽灰姑娘指揮亂來，緊急時刻霸道總裁突然出現相救，不料倆壞蛋還是自食惡果耳聾了,9
霸道小子帶全家去檢查身體，不料卻意外發現弟弟竟不是母親親生的，瞬間崩潰,10
神犬狗狗太調皮，竟破壞了馬戲團的演出，這下可把灰姑娘主人給害慘了！不料事後卻賣萌求原諒，灰姑娘主人直接被氣笑了,9
公司機密被泄漏，員工落井下石，沒想到竟是心機男搞的鬼，富家女徹底絕望了,10
男上司愛上了自己的老婆，不料窮小子非但不生氣，反而趁機將老婆推給男上司,8
心上人跟女朋友當眾又笑又抱，心機女表面上不在乎，沒想到背後卻失聲痛哭,10
5狗聯盟正式出道！心機夫婦妄想偷走1條狗狗，不料其他狗狗一聲吼就嚇得心機夫婦瑟瑟發抖，慌忙逃竄，真是太厲害了,8
親眼看到霸道少爺被愛折磨成這幅樣子，心機母親終於受不了了，哭著求灰姑娘去見霸道少爺一眼,9
神犬狗狗與霸道總裁共進午餐，左手拿叉右手拿刀，大口大口吃牛排簡直太幸福了,8
狗顯神威！灰姑娘跳海自殺，本以為無人知曉，不料神犬小七一眼就知道她有自殺傾向，關鍵時刻狂奔去海里救人,9
窮婆婆好心給富兒媳做早餐，不料富兒媳卻嫌臟直接吐了，窮婆婆徹底傷透了心離家出走,8
明明自己才是霸道少爺的女朋友，霸道少爺卻賴在灰姑娘懷里撒嬌，心機女忍無可忍竟這樣做,8
窮小子事業失敗，還好有灰姑娘不離不棄，倆人齊心協力想到一個好辦法，又重新開起了餐館,9
灰姑娘終於找到陷害自己的兇手，不料心機女卻倒打一耙，還好灰姑娘有總裁相助，及時找到關鍵性的證據,8
灰姑娘残忍丢下狗狗，没想到狗狗瞬间察觉立马去追，不料根本追不上，只能流浪在自己跟灰姑娘相遇的地點,9
心機男痛失妹妹每天生活在自責的中，灰姑娘終於心軟了，竟用這種方式安慰他,8
眾人束手無策，心機男卻不費吹灰之力找到危險物品，本以為自己贏定了，不料霸道教官輕蔑一笑：搞錯了！真是丟死人,8
霸道保鏢跟美女大明星甜蜜約會，心機女坐不住了，竟偷偷耍手段突襲約會場所趕走美女大明星,8
人都沒辦法做到的事情，神犬狗狗靠嗅覺一下子就做到了，順利幫灰姑娘跟霸道總裁找到寶藏，真牛,7
灰姑娘浪漫表白霸道總裁，神犬小七神助攻，水中接力表白氣球給霸道總裁，霸道總裁看到氣球的那一刻羞澀地笑了,7
悲劇！為了得到霸道岳父的家產，心機男處心積慮強迫霸道岳父，結果逼瘋漂亮老婆,8
心機男陷害富家女的事情被揭穿了，不料心機男不但不承認反倒打一耙，窮小子瞬間怒了，撂下狠話就走,7
奇葩僱主胡攪蠻纏，灰姑娘受不了要換任務，竟想出這麼一招：換上裙子色誘霸道總裁，不料霸道總裁根本不吃這一套，灰姑娘氣炸了,7
總裁質問灰姑娘未婚夫跟灰姑娘的感情，卻意外得知灰姑娘訂婚的真相，頓時急了，不料灰姑娘卻心意已決,7
灰姑娘攜未婚夫出席家宴，當眾宣佈要結婚，不料總裁一聽直接發瘋暈倒了，場面一時混亂不堪,8
圓滿大結局：惡有惡報！心機男終於死了，灰姑娘跟窮小子一起接手餐廳，創造了屬於自己的輝煌,7
即使多年未見，神犬小七也一下子就聞出了自己年幼時的恩人灰姑娘的味道，激動得窮追不捨，不料灰姑娘速度太快，小七追到雙腳流血也追不上,9
心機女腦洞太大，竟認為灰姑娘藏尸殺人，不料真相竟是這個！真是蠢死了,8
窮小子明明愛上了富家女卻不敢靠近，竟選擇撮合富家女跟自己哥哥，真是傻透了,8
灰姑娘與霸道總裁決裂！霸道總裁狠心拆散灰姑娘跟神犬狗狗，灰姑娘怒了，瞬間雄起當眾霸氣回懟霸道總裁,7
霸道少爺不顧母親反對，無可救藥的愛上了灰姑娘，不料灰姑娘卻早已心有所屬，悲劇,8
心機男當眾壓倒灰姑娘，不料被總裁看見，總裁一氣之下直接給了心機男一拳，真是太霸氣了,7
婆婆臥病在床，灰姑娘為照顧她不吃不喝不睡，不料丈夫卻偷偷出去偷女人，瞬間絕望了,7
人之將死其言也善！心機女得了重病命不久矣，與母親抱頭痛哭，終於說出了對不起這三個字,8
心機男終於露出了自己的真面目，股東大會上聯合外人搞垮總裁，總裁直接被氣到中風癱瘓了,10
霸道總裁跟女兒甜蜜視頻，小三瞬間暴走，對著總裁女兒破口大罵，霸道總裁氣紅了眼，一巴掌直接扇得小三淚流滿面,7
人老了就怕被兒子嫌棄！母親好心關心兒子的身體，不料兒子卻不領情要趕自己走，母親一聽瞬間淚流滿面,9
神了！神犬帶著灰姑娘去相遇地點，終於喚醒了灰姑娘對自己的記憶，神犬狗狗激動得流下了眼淚,7
灰姑娘受委屈氣到直接把高跟鞋扔了光腳走路，總裁心疼了直接脫下自己的鞋給她穿，灰姑娘一下子就被感動了,7
心機男怎麼也想不到自己處心積慮得到的家產，竟被霸道哥哥一招就給破壞了，氣得當場拿起花瓶就打，活像個瘋子,9
灰姑娘失蹤后，總裁瘋狂尋找灰姑娘，不料灰姑娘卻刻意躲避，心機女趁虛而入霸佔總裁的位置,9
心上人哭著來找自己，窮小子心疼壞了，一把將心上人摁在懷裡就不放手,7
灰姑娘瘋狂追求霸道總裁，一日三餐都給他送飯，不料神犬狗狗吃醋了，氣得大鬧霸道總裁家,8
霸道總裁VS心機男，本以為可以輕鬆勝利，不料一開場就被心機男打趴在地站都站不起來，灰姑娘心疼了，立馬沖上場認輸求饒,8
灰姑娘把霸道總裁給睡了！灰姑娘跟霸道總裁偷偷干壞事，不料美女房客突然來襲，情急之下霸道總裁一把將灰姑娘拉進了衣櫃,7
灰姑娘因禍得福又和總裁又重歸於好，不料總裁父親看不下去了，竟直言是家醜，後媽氣得撂下狠話就走,7
高富帥英勇抓賊俘獲灰姑娘芳心，霸道總裁吃醋了，嫉妒得連飯都不吃不下,7
未婚夫當眾向灰姑娘求婚，總裁吃醋了，直接現身來搗亂，不料灰姑娘因對總裁因愛生恨，竟答應了未婚夫的求婚,8
灰姑娘滿心期待的等著窮小子回家，不料人沒等到卻等到一個噩耗，瞬間淚崩,7
灰姑娘懷疑霸道總裁別有用心，偷偷去調查，不料霸道小孩太聰明，一句話協助霸道總裁蒙混過關，成功打消灰姑娘的疑問,6
就因為霸道總裁的一句話，神犬狗狗下定決定要喚起灰姑娘對自己的記憶，不料灰姑娘完全不理解，神犬狗狗急得不得了,5
傻子丈夫成美容聖手！一盒面膜賣出天價，霸道小嬌妻瞬間笑瞇了眼，傻子丈夫的春天終於到了,6
心機男終於要跟灰姑娘結婚了！心機男被仇恨衝昏頭腦，竟狠心拋下父母入贅灰姑娘家，真是不孝,7
噩夢般的宿命！兒子得了胃癌，霸道母親一聽立馬崩潰了，直接拿出攢了30年的錢就消失,8
灰姑娘輸了比賽不服氣，竟公然擺臉色給教官看，不料霸道教官一句話懟得灰姑娘無話可說,7
灰姑娘第一次做飯，做菜爆咸、做飯夾生，霸道總裁吃得火冒三丈，不料一看灰姑娘的手，立馬心疼了！自己選的媳婦再笨也得受著,6
窮婆婆好心照顧富兒媳，不料富兒媳卻嫌窮婆婆臟，半夜偷偷起來幹這種事情，窮婆婆的心徹底涼了,6
傻子丈夫被美女老師欺負，灰姑娘上門去算賬，不料美女老師一掀衣服，灰姑娘瞬間崩潰了：這麼大的腳印！,7
霸道少爺當眾示愛，灰姑娘一激動直接親了上去，這下徹底惹怒了爺爺奶奶,8
大丈夫能屈能伸！傻子丈夫把餐桌修成了茶几，吃頓飯差點還得全家人腰勞損，嚇得霸道小嬌妻誇獎傻子丈夫來圓場，真愛啊！,7
心機娘娘為了陷害皇后，竟活生生捂死自己的孩子嫁禍給皇后，果然是最毒婦人心啊！,8
富家女第一次以窮小子女朋友身份上門，不料就受到這種對待，原來竟是這個原因，絕望！,7
心機女為保住自己台柱子的地位，竟強逼灰姑娘狗狗鉆火圈，不料神犬狗狗突然出現英雄救美，真是太帥了！,6
一聽說富家女要走了，窮小子再也控制不住自己的感情，一把抱住對方！即使跟父母斷絕關係也要跟富家女在一起,6
心機女假孕的事實終於被總裁發現了，總裁直接撂下狠話：我們明天就離婚！不料心機女卻冷笑連連,7
灰姑娘煎牛排给霸道總裁吃，叫神犬狗狗跑腿给霸道總裁送去，不料神犬狗狗禁不住誘惑送到一半就偷吃光了,6
灰姑娘一拿出婚戒，總裁就高興得立馬親了一口灰姑娘，這下有情人終於要成眷屬了,6
海中央有人喊救命，遠在岸邊的神犬狗狗利用自己的順風耳一下子就找到了，帶這灰姑娘順利解救被困人員，真是太牛了！,7
心機女一看到灰姑娘睡到自己床上，氣得發鞥，直接當場暴打灰姑娘，還好總裁及時出霸氣護妻,7
富家女為查明真相深入敵營，不料當場被抓，關鍵時刻窮小子冒著生命危險救下了富家女,6
餐館被查出違禁物品面臨倒閉，心機男有火沒處發，竟把責任推給無辜的灰姑娘,6
灰姑娘這反偵查能力絕了！一聽腳步聲就知道有人跟蹤自己，不料這人竟是自己的前夫，上門來要錢的！,6
心機丈夫病種奄奄一息，灰姑娘終於吐露心聲，病床前痛哭流涕與心機丈夫訣別，真是太虐心了,7
富二代受不了美女的糾纏，竟要灰姑娘假裝自己的女朋友，不料慘遭灰姑娘打臉,7
失明了的灰姑娘真是太慘了，哭著喊著求總裁留下來陪自己，不料總裁竟這樣說，真是太冷漠了,6
心機女故意燙傷灰姑娘，事後卻裝無辜博同情，不料總裁明知發生了什麼卻選擇冷眼旁觀，真是太傷灰姑娘的心了,6
心機女惡整灰姑娘，不料灰姑娘這麼能忍，吞下全是辣椒的餃子，霸道總裁心疼了，公然維護灰姑娘，在心機女眼皮子底下與灰姑娘眉來眼去,8
灰姑娘死皮賴臉要跟霸道總裁回家，霸道總裁嘴上說著不要，不料一看灰姑娘的背影立馬就心軟了，乖乖得讓灰姑娘睡自己的床,6
霸道少爺愛上了灰姑娘，帶著灰姑娘夜不歸宿，霸道董事長瞬間崩潰了：你們可是親兄妹啊！,7
灰姑娘死了？心機男遞給霸道總裁一張遺照，不料霸道總裁一看瞬間崩潰了，照片上的女人竟是灰姑娘，霸道總裁心痛到喘不過氣來,6
富家女正跟窮小子甜甜蜜蜜，不料灰姑娘突然闖入宣誓主權，富家女氣得當場爆發,6
心機女乾的壞事被總裁知道，總裁直接將她革職，不料心機女因此懷恨在心，竟攛掇他人謀害灰姑娘，真是沒人性,9
望著女朋友憔悴的容顏，窮小子終於忍不住要找心機弟弟算賬，沒想到卻意外得知驚天大秘密，瞬間慌了,7
心機男對霸道老婆的事業出謀獻策，本以為是終於改邪歸正，不料竟是另有目的,8
哥哥比賽失利，心機男想也不想就把責任推給富家女，富家女真是有苦說不出啊,5
灰姑娘為救心機姑姑甘願割肝，不料卻意外得知自己的婆婆竟是自己的親生母親，瞬間崩潰,6
有情人終成眷屬！灰姑娘跟霸道總裁婚禮當天玩失蹤，竟是偷偷去辦二人婚禮，倆人最後甜蜜擁吻簡直甜死人,6
漂亮老婆當著自己的面勾搭霸道哥哥，心機男立馬怒了，直接一巴掌甩了上去,6
灰姑娘為了克服對狗狗的恐懼，竟宴請4只狗狗吃頂級大餐，不料一頓就吃了2500，瞬間崩潰了,7
女兒不要讀書要當保鏢，博士生老爸嫌她丟人，為了讓女兒知難而退竟請女兒當自己保鏢考驗女兒,6
心機女趁總裁不在家，竟將灰姑娘關進了精神病院，結果做賊心虛回到家之後破綻百出，惹人懷疑,5
暖男為掙錢放棄做一個科學家而去做化妝品，霸道導師怒了，指著暖男就開罵：你對自己太不負責了,6
灰姑娘一醒來，總裁就高兴得不得了，不料灰姑娘卻抱著姐夫叫老公，直接嚇懵一群人,5
暴發戶為了錢害死老媽，最終悔得當場下跪痛哭，灰姑娘看不下去，跑到角落里偷偷哭泣，原來灰姑娘也有相似的過去,6
心機男VS灰姑娘卻不戰而勝，原來真相竟是這個！灰姑娘心有不甘卻不得不退賽，真是太憋屈了,5
窮小子去向霸道董事長學做菜，沒想到母親一聽立馬炸了，二話不說直接上門搶回窮小子,5
心機女去醫院探望婆婆，不料意外得知自己之前一直欺負的灰姑娘竟是自己的婆婆，一下子就懵了！婆婆腦癌晚期，心機女後悔得直掉眼淚,6
心機男以為沒人偷偷在房間干壞事，不料躲在外面的神犬狗狗全看在眼里，趁其不注意竟這樣做，心機男一下子就慌了,6
神犬狗狗害得喵咪離家出走，灰姑娘跟霸道總裁一起尋找，不料突然下雨，倆人順勢曖昧牽手，這到底是來找貓咪還是來談戀愛啊？,5
總裁偷藏灰姑娘的秘密被岳母知道了，不料總裁根本不虛，一句話就說得岳母都慌了，瞬間化解危機,6
霸道總裁心灰意冷，不料朋友的一句話點醒霸道總裁，霸道總裁直接街頭霸氣強吻心機女，吻到對方心動,6
霸道總裁一見到私奔的女兒，就急得不管不顧得橫穿馬路，結果悲劇了,5
震驚！一聽到有人願意捐肝救自己，心機女臉上笑嘻嘻心里卻突然慌了，趁兒子不注意直接逃走了,7
灰姑娘淪落到撿垃圾，霸道狗狗心疼了，二話不說直接幫灰姑娘幹活，躲在後面的總裁眼睛都看直了,5
灰姑娘帶著霸道總裁羞辱前男友，不料意外得知分手真相，瞬間崩潰大哭,5
心機女狠起來不要命連隊友都殺，眾人拿她沒辦法，不料關鍵時刻神犬登場，助灰姑娘順利拿下心機女,5
總裁來找後媽，不料偷聽到後媽的大秘密，嚇得腿都軟了，沒想到後媽跟灰姑娘竟是這種關係,5
富家女去醫院看朋友，不料意外撞見心上人竟背著其他女人，瞬間崩潰，一把牽過霸道少爺的手就走,5
老公舊情人找上門，平時對著自己一臉冷淡的窮婆婆突然變得熱情，灰姑娘頓時吃醋了,5
灰姑娘在餐廳打工，不料神犬狗狗一見到酸奶就激動了，立馬衝過去搞破壞，這下可害苦了灰姑娘主人,5
老爸得癌症了卻裝作若無其事的樣子，想多陪陪女兒，回家給女兒做了一頓豐盛的晚餐，真是越看越心酸,5
灰姑娘跟富二代海邊甜蜜約會，不料霸道總裁突然撞見，瞬間就吃醋了，氣得掉頭就走,5
一家人圍在一起吃飯，姐姐光顧著照顧傻子丈夫，妹夫瞬間嫉妒了，姐姐本該是自己的女人啊,7
灰姑娘不堪忍受富婆天天被家暴，竟想找富婆老公談判，不料意外發現他出軌的證據，真是個人渣啊,5
灰姑娘的眼里只看得到窮小子卻看不到自己，心機男怒了，竟對著灰姑娘干出這種事情,5
富二代錢包不見了，灰姑娘一聞味道就知道被誰偷了，直接闖男廁所抓賊，嚇壞了上廁所的男人,5
為了找回後媽，總裁父親竟同意總裁跟灰姑娘結婚，不料心機女一聽直接炸了，對著總裁父親大罵老糊塗,5
丈夫一回家就開始吐個不停，漂亮老婆心疼壞了，本以為是醉酒不料卻是另有隱情,6
窮小子明明愛得是灰姑娘，全家人卻非逼著自己娶富家女，窮小子真是有苦難言啊,5
兒子偷東西被發現，霸道總裁氣得大發雷霆，不料兒子太聰明，一句話就讓霸道總裁轉怒為喜，真是個機靈鬼啊！,6
灰姑娘找客人道歉，不料客人不但不領情還當眾欺負灰姑娘，還好總裁及時出現霸氣護妻，一出手立馬就把事情給解決了,5
貓狗大戰瞬間爆發，總裁氣得離家出走，灰姑娘卻一臉花癡還抱著神犬小七狂親，原來竟是只因為這個！真是太色了,4
傻子丈夫一晚上不眠不休做原諒樹，灰姑娘老婆終於被感動愛上傻子丈夫，對他又親又抱,4
總裁為了灰姑娘的事業竟做到了這種程度，灰姑娘一高興直接抱住了總裁，不料奶奶看到了卻直搖頭,6
霸道小嬌妻被休，傻子老公急得要跳崖，還好霸道小嬌妻及時出現救了傻子老公一命，這一刻倆人緊緊相擁誰也離不開誰,4
心機老公毀了自己的家，富家女一氣之下，竟直接下毒殺死了心機老公，真是瘋了,4
奶奶昏迷不醒，灰姑娘卻因此意外得知自己的身世秘密，沒想到總裁的後媽竟是自己自己的親媽，灰姑娘直接崩潰了,5
小公主之死成謎，大臣要開棺驗尸，灰姑娘慌了，不料手下的尼姑卻是個高人早有準備，及時救了灰姑娘一命,4
兒子要娶灰姑娘，老媽不同意直接去灰姑娘家撒潑，不料兒子當著老媽面下跪求娶,4
一聽到灰姑娘跟自己撇清關係，霸道總裁立馬急了，一把将灰姑娘拽進房間狠狠地羞辱了一頓,4
霸道總裁去找窮小子，不料意外發現他跟自己的心上人抱在了一起，瞬間失去了理智做出這種事情,4
心機男為掩蓋自己比賽失誤真相，竟把責任全推給了窮小子，要求賠償100萬，這下子窮小子的生意不死也得脫層皮,4
灰姑娘給富家女送花，灰姑娘一掏包富家女就怕了，以爲灰姑娘包裏有凶器，不料只是一場誤會,4
灰姑娘跟神犬狗狗為了爭奪首領的位置較上勁了，不料神犬狗狗一扭頭灰姑娘就沒轍了，氣得灰姑娘狂吃狗糧洩憤,4
霸道总裁真实身份暴露，没想到不是富豪竟是个穷光蛋逃犯，不料灰姑娘保镖神乎其神，一个眼神就让霸道总裁甘愿自首了,4
霸道總裁受傷無人相救，還好灰姑娘及時出現，二話不說背起霸道總裁就走，簡直就是個金剛芭比,4
心機女虐待狗狗卻倒打一耙，灰姑娘氣得說不出話來，沒想到神犬狗狗當眾揭穿心機女虐狗的真相，真是大快人心,5
酒店代言犬爭奪賽開始了，神犬狗狗一犬當先，一聞味道就找到了霸道總裁，成功贏得勝利成為代言犬,4
為愛獻身！窮小子遭人陷害陷入危機，富家女一衝動竟把責任全抗在自己身上了，這下遭了,4
霸道暖男自製炸彈去暗殺心機男，不料關鍵時刻見到一小女孩，霸道暖男立馬慌了，嚇得立馬奪門而出,4
一聽說灰姑娘要去相親，總裁直接崩潰了，當眾將灰姑娘抱回房間，老爸氣得吃不下飯，心機女卻笑得一臉得意,5
心機男終於跟霸道董事長撕破了臉，為了謀奪謀奪霸道董事長的家產竟這樣做，真狠,5
漂亮老婆當眾頂撞窮婆婆，平時唯唯諾諾的老公終於怒了，一張嘴直接嚇哭漂亮老婆,6
總裁約灰姑娘吃飯，不料董事長突然找上門，灰姑娘一下子就懵了，直接找藉口將總裁打發走，總裁頓時心存疑慮,7
灰姑娘當眾公開自己跟霸道總裁的戀情宣示主權，不料心機男心生嫉妒，竟想出一條毒計拆散霸道總裁跟灰姑娘,4
親兄弟同台競爭，心機弟弟為成功上位竟拿感情威脅霸道哥哥，不料霸道哥哥根本不吃這一套，直接下戰書氣得心機弟弟說不出話來,6
心機男對神犬狗狗懷恨在心，竟拿毒雞腿給神犬狗狗吃，不料神犬狗狗太機靈，一聞味道就知道雞腿有毒趕快埋掉,4
霸道總裁終於向灰姑娘求婚了！灰姑娘感動到落淚，不料一張嘴卻說出了這樣的話，霸道總裁一下子就失望了,5
霸道總裁對灰姑娘愛答不理，灰姑娘整天垂頭喪氣，神犬狗狗看不要下去了，去求霸道總裁看灰姑娘,4
年輕美女想自殺，神犬狗狗感覺不對勁每天追著美女跑，不料灰姑娘卻吃醋誤會了，對著神犬狗狗一臉委屈,4
心機女暗害灰姑娘的事情東窗事發，不料死不悔改，一句話就把總裁氣得暴跳如雷，心機女直接被趕出家門,6
3男爭1女！霸道暖男跟逗比暖男打扮得花枝招展去勾引灰姑娘，不料霸道總裁還沒到場就大獲全勝了，誰叫灰姑娘心在他身上,5
霸道總裁趁著酒勁想強吻灰姑娘，不料卻被灰姑娘一把推開，霸道總裁瞬間怒了，對著灰姑娘又打又罵,4
灰姑娘跟總裁在調情，不料“電燈泡”神犬狗狗卻突然來襲，灰姑娘一臉欣喜，總裁卻直言大事不妙,5
親孫女不肯認自己，親生女兒被老公氣得離家出走，富太太一聽氣得直接吐血了,5
總裁一得知灰姑娘結婚了立馬就懵了，氣得回辦公室大喊大叫，被姐姐發現了還死鴨子嘴硬不肯承認自己喜歡灰姑娘,5
心理醫生都拿精神病人沒轍，不料神犬狗狗一出手，一個眼神就將精神病人催眠了，順利治好對方的精神病,4
心機男飛簷走壁去做賊，不料神犬狗狗一聞味道就知道心機男在做壞事，一聲吼叫直接破壞心機男的好事，這下心機男懷恨在心要出大事了,4
窮小子本以為還了錢就能跟心機男斷絕關係，不料心機男早有準備，直接甩出一張紙氣得窮小子當場暴走,5
心機男設局綁架了富家女，霸道總裁本想報警威脅心機男，不料心機男根本不怕，一句話嚇得霸道總裁腿都軟了,6
霸道少爺帶著小三回家，灰姑娘心裡有氣不肯搭理他，不料小三手段太高，一句話就讓灰姑娘接受了自己,13
母親跟老婆為了新買的家具鬧不和，暖男左右為難，為哄老婆開心只能趁母親睡著偷偷爬起來挪家具,4
心機夫婦被困海島求救無門，本以為死定了，不料神犬狗狗發現關鍵性線索，帶領霸道總裁成功解救心機夫婦,5
心機女當眾污衊灰姑娘流產，灰姑娘終於明白了，原來是心機女一直在害自己，不料總裁根本不相信灰姑娘的話,4
灰姑娘決定跟情夫分手回到自己老公身邊，不料轉身離開的瞬間突然後悔，沖回去抱住情夫就狂吻，這一次真的是永別了,6
總裁父親給灰姑娘夾了個雞腿，心機女立馬就不滿了，不料一句話惹得總裁父親更加看重灰姑娘，自己反而氣得吃不下飯,4
心機男帶著腹黑狗圍攻神犬，神犬一招就將腹黑狗騙入陷阱，不料關鍵時刻神犬反心軟救了腹黑狗一命，可惜好心沒好報，被心機男一槍射倒,4
惡有惡報！心機男得罪了總裁一家人，結果曾叱咤商場的一個人，現在竟連喝酒的朋友都沒有，心機男終於流下了悔恨的淚水，求總裁放自己一馬,4
灰姑娘與霸道總裁化身雌雄大盗，瞬間秒殺心機男，一招就讓他乖乖送上密碼箱！,4
傻子丈夫半夜偷偷爬上霸道小嬌妻的床，不料霸道小嬌妻一早醒來第一反應竟是這個！真是個小冤家啊,7
霸道總裁火場英雄救美，不料意外發現灰姑娘就是自己20年前拋棄的女兒，瞬間傻了！想認卻不能認，活該,4
灰姑娘以為霸道總裁想跟自己表白，緊張得不得了，不料霸道總裁一張嘴就打破了自己的幻想，灰姑娘氣得直歎氣,4
就差這麽一步，總裁就能找到灰姑娘，不料最終倆人有緣無分，灰姑娘放棄一切遠走他鄉，總裁直接暈倒在機場,5
男下屬隨身攜帶一只女人的高跟鞋，女總裁驚呆了，原來這只鞋竟是女總裁的！,3
神犬就是神犬！人靠著地圖都沒辦法找到的地下堡壘，神犬狗狗靠自己就帶著灰姑娘一群人順利找到地下堡壘，真是太厲害了,3
總裁不顧自己已經有老婆，竟跟灰姑娘單獨約會，不料被老婆當場逮到，這下要出大事了,3
漂亮老婆半夜不睡覺卻爬起來喝酒，沒想到竟是在想野男人，心機男敢怒不敢言只能悄悄歎氣,4
心上人哭著來找自己，窮小子心疼壞了，一把將心上人摁在懷裡就不放手,3
有情人終成眷屬，灰姑娘功成名就，當眾以香水向霸道總裁求婚，總裁二話不說霸氣擁吻灰姑娘，真是太甜了！,4
人狗關係大揭秘！灰姑娘想養狗狗，不料霸道總卻無奈了，一句話問得灰姑娘瞬間打了退堂鼓,3
灰姑娘受情傷痛哭，霸道總裁暖心相伴，當場表白灰姑娘，不料灰姑娘卻早已醉倒在懷，就這樣完美錯過了,3
灰姑娘跟心機女聯手保護一塊賭石，不料震動感應器突然被觸發，倆人緊張得不得了，誰知竟是保安的惡作劇，僱主表情一臉神秘,3
心機女一看到總裁看灰姑娘的眼神就吃醋了，當眾警告總裁，不料總裁根本不虛，一句話懟得心機女說不出話來,3
霸道總裁帶灰姑娘去買衣服，灰姑娘買個不停不料樂極生悲把腳給扭傷了，霸道總裁心疼得不得了，立馬背著灰姑娘回家,3
灰姑娘不請自來，三言兩語就激怒了富二代，富二代：沒看見我在認你嗎？不要逼我！直接將灰姑娘轟出辦公室,3
灰姑娘被歹徒挾持，關鍵時刻神犬狗狗掙斷繩索，飛奔撲倒歹徒救下灰姑娘，真是太勇敢了,3
富婆不堪老公家暴，竟請灰姑娘保鏢保護自己，不料反激起老公家暴的慾望，灰姑娘保鏢看不下去了，暴揍富婆老公解恨,4
小女孩看不起灰姑娘這種柔柔弱弱的女生，不料灰姑娘一拳就將一個壯漢打倒在地，打遊戲分分鐘勝利，小女孩瞬間被折服要拜灰姑娘為師,3
灰姑娘不顧霸道總裁竟要一個人幹這種事，霸道總裁氣得大吵大鬧，不料灰姑娘一張嘴，霸道總裁就心疼了，真是拿她沒辦法,3
年邁母親癱瘓在床：不能說也不能動，心機女終於後悔了，病床前苦苦呼喚，沒想到真的喚醒了癱瘓母親,3
富二代當眾示愛灰姑娘，甜言蜜語簡直膩死人！不料霸道總裁吃醋了，當場丟下灰姑娘走人,3
灰姑娘跟富二代甜甜蜜蜜得吃早餐，不料霸道總裁突然出現，瞬間吃醋了，有氣無處撒對著神犬狗狗惡語相向,3
灰姑娘開開心心參加聚會，不料意外得知霸道總裁瞞著自己偷偷干這種事，瞬間崩潰了，氣得當場走人,3
心機男偷走灰姑娘的東西竟是爲了賄賂灰姑娘，不料灰姑娘根本不吃這一套，直接告發心機男，真是偷雞不成蝕把米,4
心機夫婦做著尋寶的美夢，不料現實卻給了他們一耳光，連自家狗狗嫌棄他們，氣得她們大罵叛徒，真是太逗了,3
美女警告窮小子好好對待灰姑娘，不料窮小子態度敷衍完全不聽，美女氣得直接早產了,3
漂亮老婆懷孕了，不料自己卻從別的男人嘴裡得知，窮小子瞬間情緒失控沖了出去,3
2心機男暗中射箭暗殺灰姑娘，還好神犬狗狗及時發現救下灰姑娘，帶著灰姑娘成功躲過2心機男的追殺,3
為讓富老爺認回傻子少爺，霸道小嬌妻想盡辦法卻反而適得其反，不料還不如心機女的一句話，差距啊,4
總裁淪落成服務員，前妻借機羞辱總裁，不料總裁不卑不吭，一句話怼得前妻說不出話來,4
窮小子一沒背景二沒文憑卻想當經理，霸道總裁笑了，直接給了個下馬威,3
真是偷雞不成蝕把米！心機女當眾侮辱灰姑娘，不料跟灰姑娘拉扯之時竟失足掉下樓梯，直接把孩子給摔沒了,3
飯店競爭對手出現，霸道董事長一看店名，嚇得腿都軟了，真是孽緣啊！,3
親孫女就在眼前卻不能相認，只能眼睜睜看著她被心機女侮辱，富太太終於受不了留下了悔恨的淚水,3
心機男游泳池突然溺水，神犬狗狗瞬間感應，迅速沖到水里救出腿抽筋的心機男，真是太帥氣了,3
霸道董事長本想與窮小子解除誤會，誰知就因為一碗菜，倆人竟又成了死仇！,4
灰姑娘與總裁初相遇！灰姑娘一覺睡醒就對著總裁犯花癡，總裁一臉嫌棄，不料灰姑娘卻窮追不捨要總裁對自己負責任,4
